<?xml version="1.0" encoding="UTF-8"?>
<beans xmlns="http://www.springframework.org/schema/beans"
	xmlns:xsi="http://www.w3.org/2001/XMLSchema-instance" xmlns:aop="http://www.springframework.org/schema/aop"
	xmlns:tx="http://www.springframework.org/schema/tx"
	xsi:schemaLocation="
http://www.springframework.org/schema/beans http://www.springframework.org/schema/beans/spring-beans-3.0.xsd
http://www.springframework.org/schema/tx http://www.springframework.org/schema/tx/spring-tx-3.0.xsd
http://www.springframework.org/schema/aop http://www.springframework.org/schema/aop/spring-aop-3.0.xsd
http://www.springframework.org/schema/beans http://www.springframework.org/schema/beans/spring-beans-3.0.xsd">

	<bean id="propertyConfigurer"
		class="org.springframework.beans.factory.config.PropertyPlaceholderConfigurer">
		<property name="location">
			<value>jdbc.properties</value>
		</property>
	</bean>

	<bean id="dataSource" class="org.apache.commons.dbcp.BasicDataSource"
		destroy-method="close">
		<property name="driverClassName" value="${database.driverClassName}" />
		<property name="url" value="${database.url}" />
		<property name="username" value="${database.username}" />
		<property name="password" value="${database.password}" />
	</bean>


	<bean id="transactionManager"
		class="org.springframework.jdbc.datasource.DataSourceTransactionManager">
		<property name="dataSource" ref="dataSource" />
	</bean>

	<bean id="sqlSessionFactory" class="org.mybatis.spring.SqlSessionFactoryBean">
		<property name="dataSource" ref="dataSource" />
		<property name="configLocation" value="mybatis-config.xml" />
	</bean>

	<bean id="tAreaClienteMapper" class="org.mybatis.spring.mapper.MapperFactoryBean">
		<property name="sqlSessionFactory" ref="sqlSessionFactory" />
		<property name="mapperInterface"
			value="pe.com.j2techcon.bi.etl.dao.TAreaClienteMapper" />
	</bean>

	<bean id="tAreaClienteManager" class="pe.com.j2techcon.bi.etl.logic.TAreaClienteManager">
		<property name="tAreaClienteMapper" ref="tAreaClienteMapper" />
	</bean>

	<bean id="tCargoGuiaMapper" class="org.mybatis.spring.mapper.MapperFactoryBean">
		<property name="sqlSessionFactory" ref="sqlSessionFactory" />
		<property name="mapperInterface" value="pe.com.j2techcon.bi.etl.dao.TCargoGuiaMapper" />
	</bean>

	<bean id="tCargoGuiaManager" class="pe.com.j2techcon.bi.etl.logic.TCargoGuiaManager">
		<property name="tCargoGuiaMapper" ref="tCargoGuiaMapper" />
	</bean>

	<bean id="tCargoMapper" class="org.mybatis.spring.mapper.MapperFactoryBean">
		<property name="sqlSessionFactory" ref="sqlSessionFactory" />
		<property name="mapperInterface" value="pe.com.j2techcon.bi.etl.dao.TCargoMapper" />
	</bean>

	<bean id="tCargoManager" class="pe.com.j2techcon.bi.etl.logic.TCargoManager">
		<property name="tCargoMapper" ref="tCargoMapper" />
	</bean>

	<bean id="tClienteMapper" class="org.mybatis.spring.mapper.MapperFactoryBean">
		<property name="sqlSessionFactory" ref="sqlSessionFactory" />
		<property name="mapperInterface" value="pe.com.j2techcon.bi.etl.dao.TClienteMapper" />
	</bean>

	<bean id="tClienteManager" class="pe.com.j2techcon.bi.etl.logic.TClienteManager">
		<property name="tClienteMapper" ref="tClienteMapper" />
	</bean>

	<bean id="tCotizacionMapper" class="org.mybatis.spring.mapper.MapperFactoryBean">
		<property name="sqlSessionFactory" ref="sqlSessionFactory" />
		<property name="mapperInterface"
			value="pe.com.j2techcon.bi.etl.dao.TCotizacionMapper" />
	</bean>

	<bean id="tCotizacionManager" class="pe.com.j2techcon.bi.etl.logic.TCotizacionManager">
		<property name="tCotizacionMapper" ref="tCotizacionMapper" />
	</bean>

	<bean id="tDespachoMapper" class="org.mybatis.spring.mapper.MapperFactoryBean">
		<property name="sqlSessionFactory" ref="sqlSessionFactory" />
		<property name="mapperInterface" value="pe.com.j2techcon.bi.etl.dao.TDespachoMapper" />
	</bean>

	<bean id="tDespachoManager" class="pe.com.j2techcon.bi.etl.logic.TDespachoManager">
		<property name="tDespachoMapper" ref="tDespachoMapper" />
	</bean>

	<bean id="tEmpleadoCategoriaMapper" class="org.mybatis.spring.mapper.MapperFactoryBean">
		<property name="sqlSessionFactory" ref="sqlSessionFactory" />
		<property name="mapperInterface"
			value="pe.com.j2techcon.bi.etl.dao.TEmpleadoCategoriaMapper" />
	</bean>

	<bean id="tEmpleadoCategoriaManager" class="pe.com.j2techcon.bi.etl.logic.TEmpleadoCategoriaManager">
		<property name="tEmpleadoCategoriaMapper" ref="tEmpleadoCategoriaMapper" />
	</bean>

	<bean id="tEmpleadoMapper" class="org.mybatis.spring.mapper.MapperFactoryBean">
		<property name="sqlSessionFactory" ref="sqlSessionFactory" />
		<property name="mapperInterface" value="pe.com.j2techcon.bi.etl.dao.TEmpleadoMapper" />
	</bean>

	<bean id="tEmpleadoManager" class="pe.com.j2techcon.bi.etl.logic.TEmpleadoManager">
		<property name="tEmpleadoMapper" ref="tEmpleadoMapper" />
	</bean>

	<bean id="tOrdenMapper" class="org.mybatis.spring.mapper.MapperFactoryBean">
		<property name="sqlSessionFactory" ref="sqlSessionFactory" />
		<property name="mapperInterface" value="pe.com.j2techcon.bi.etl.dao.TOrdenMapper" />
	</bean>

	<bean id="tOrdenManager" class="pe.com.j2techcon.bi.etl.logic.TOrdenManager">
		<property name="tOrdenMapper" ref="tOrdenMapper" />
	</bean>

	<bean id="tParametroMapper" class="org.mybatis.spring.mapper.MapperFactoryBean">
		<property name="sqlSessionFactory" ref="sqlSessionFactory" />
		<property name="mapperInterface" value="pe.com.j2techcon.bi.etl.dao.TParametroMapper" />
	</bean>

	<bean id="tParametroManager" class="pe.com.j2techcon.bi.etl.logic.TParametroManager">
		<property name="tParametroMapper" ref="tParametroMapper" />
	</bean>

	<bean id="tProductoMapper" class="org.mybatis.spring.mapper.MapperFactoryBean">
		<property name="sqlSessionFactory" ref="sqlSessionFactory" />
		<property name="mapperInterface" value="pe.com.j2techcon.bi.etl.dao.TProductoMapper" />
	</bean>

	<bean id="tProductoManager" class="pe.com.j2techcon.bi.etl.logic.TProductoManager">
		<property name="tProductoMapper" ref="tProductoMapper" />
	</bean>

	<bean id="tResultadoDespachoMapper" class="org.mybatis.spring.mapper.MapperFactoryBean">
		<property name="sqlSessionFactory" ref="sqlSessionFactory" />
		<property name="mapperInterface"
			value="pe.com.j2techcon.bi.etl.dao.TResultadoDespachoMapper" />
	</bean>

	<bean id="tResultadoDespachoManager" class="pe.com.j2techcon.bi.etl.logic.TResultadoDespachoManager">
		<property name="tResultadoDespachoMapper" ref="tResultadoDespachoMapper" />
	</bean>

	<bean id="tSedeMapper" class="org.mybatis.spring.mapper.MapperFactoryBean">
		<property name="sqlSessionFactory" ref="sqlSessionFactory" />
		<property name="mapperInterface" value="pe.com.j2techcon.bi.etl.dao.TSedeMapper" />
	</bean>

	<bean id="tSedeManager" class="pe.com.j2techcon.bi.etl.logic.TSedeManager">
		<property name="tSedeMapper" ref="tSedeMapper" />
	</bean>

	<aop:config>
		<aop:advisor pointcut="execution(* *..TAreaClienteManager.*(..))"
			advice-ref="simpleTxAdvice" />
		<aop:advisor pointcut="execution(* *..TCargoGuiaManager.*(..))"
			advice-ref="simpleTxAdvice" />
		<aop:advisor pointcut="execution(* *..TCargoManager.*(..))"
			advice-ref="simpleTxAdvice" />
		<aop:advisor pointcut="execution(* *..TClienteManager.*(..))"
			advice-ref="simpleTxAdvice" />
		<aop:advisor pointcut="execution(* *..TCotizacionManager.*(..))"
			advice-ref="simpleTxAdvice" />
		<aop:advisor pointcut="execution(* *..TDespachoManager.*(..))"
			advice-ref="simpleTxAdvice" />
		<aop:advisor pointcut="execution(* *..TEmpleadoCategoriaManager.*(..))"
			advice-ref="simpleTxAdvice" />
		<aop:advisor pointcut="execution(* *..TEmpleadoManager.*(..))"
			advice-ref="simpleTxAdvice" />
		<aop:advisor pointcut="execution(* *..TOrdenManager.*(..))"
			advice-ref="simpleTxAdvice" />
		<aop:advisor pointcut="execution(* *..TParametroManager.*(..))"
			advice-ref="simpleTxAdvice" />
		<aop:advisor pointcut="execution(* *..TProductoManager.*(..))"
			advice-ref="simpleTxAdvice" />
		<aop:advisor pointcut="execution(* *..TResultadoDespachoManager.*(..))"
			advice-ref="simpleTxAdvice" />
		<aop:advisor pointcut="execution(* *..TSedeManager.*(..))"
			advice-ref="simpleTxAdvice" />
	</aop:config>

	<tx:advice id="simpleTxAdvice">
		<tx:attributes>
			<tx:method name="insert*" />
			<tx:method name="update*" />
			<tx:method name="create*" />
			<tx:method name="delete*" />
			<tx:method name="*" read-only="true" />
		</tx:attributes>
	</tx:advice>

</beans>