<?xml version="1.0" encoding="UTF-8"?>
<!DOCTYPE generatorConfiguration
  PUBLIC "-//mybatis.org//DTD MyBatis Generator Configuration 1.0//EN"
  "http://mybatis.org/dtd/mybatis-generator-config_1_0.dtd">

<generatorConfiguration>
	<classPathEntry location="c:/lib/postgresql-9.0-801.jdbc4.jar" />
	<context id="DB1" targetRuntime="MyBatis3">

		<commentGenerator>
			<property name="suppressAllComments" value="true" />
		</commentGenerator>

		<jdbcConnection driverClass="org.postgresql.Driver"
			connectionURL="jdbc:postgresql://localhost:5432/db_generic" userId="postgres"
			password="okamismo">
		</jdbcConnection>

		<javaModelGenerator targetPackage="pe.com.j2techcon.bi.etl.domain"
			targetProject="PitsBi">
			<property name="enableSubPackages" value="true" />
			<property name="trimStrings" value="true" />
		</javaModelGenerator>

		<sqlMapGenerator targetPackage="pe.com.j2techcon.bi.etl.dao.sqlmap"
			targetProject="PitsBi">
			<property name="enableSubPackages" value="true" />
		</sqlMapGenerator>

		<javaClientGenerator type="XMLMAPPER"
			targetPackage="pe.com.j2techcon.bi.etl.dao" targetProject="PitsBi">
			<property name="enableSubPackages" value="true" />
		</javaClientGenerator>

		<table tableName="t_area_cliente" modelType="flat" />
		<table tableName="t_cargo" modelType="flat" />
		<table tableName="t_cargo_guia" modelType="flat" />
		<table tableName="t_cliente" modelType="flat" />
		<table tableName="t_cotizacion" modelType="flat" />
		<table tableName="t_despacho" modelType="flat" />
		<table tableName="t_empleado" modelType="flat" />
		<table tableName="t_empleado_categoria" modelType="flat" />
		<table tableName="t_orden" modelType="flat" />
		<table tableName="t_parametro" modelType="flat" />
		<table tableName="t_producto" modelType="flat" />
		<table tableName="t_resultado_despacho" modelType="flat" />
		<table tableName="t_sede" modelType="flat" />

	</context>
</generatorConfiguration>
		