<?xml version="1.0" encoding="UTF-8" ?>
<!DOCTYPE mapper PUBLIC "-//mybatis.org//DTD Mapper 3.0//EN" "http://mybatis.org/dtd/mybatis-3-mapper.dtd" >
<mapper namespace="pe.com.j2techcon.bi.etl.dao.TAreaClienteMapper" >
  <resultMap id="BaseResultMap" type="pe.com.j2techcon.bi.etl.domain.TAreaCliente" >
    <id column="are_cli_id" property="areCliId" jdbcType="INTEGER" />
    <result column="cli_id" property="cliId" jdbcType="INTEGER" />
    <result column="are_cli_cod_tip" property="areCliCodTip" jdbcType="INTEGER" />
    <result column="are_cli_cod_ubi" property="areCliCodUbi" jdbcType="INTEGER" />
    <result column="are_cli_des" property="areCliDes" jdbcType="VARCHAR" />
    <result column="are_cli_des_dir" property="areCliDesDir" jdbcType="VARCHAR" />
    <result column="are_cli_cod" property="areCliCod" jdbcType="CHAR" />
    <result column="fec_num_cam" property="fecNumCam" jdbcType="INTEGER" />
    <result column="cod_ind_cam" property="codIndCam" jdbcType="CHAR" />
  </resultMap>
  <sql id="Example_Where_Clause" >
    <where >
      <foreach collection="oredCriteria" item="criteria" separator="or" >
        <if test="criteria.valid" >
          <trim prefix="(" suffix=")" prefixOverrides="and" >
            <foreach collection="criteria.criteria" item="criterion" >
              <choose >
                <when test="criterion.noValue" >
                  and ${criterion.condition}
                </when>
                <when test="criterion.singleValue" >
                  and ${criterion.condition} #{criterion.value}
                </when>
                <when test="criterion.betweenValue" >
                  and ${criterion.condition} #{criterion.value} and #{criterion.secondValue}
                </when>
                <when test="criterion.listValue" >
                  and ${criterion.condition}
                  <foreach collection="criterion.value" item="listItem" open="(" close=")" separator="," >
                    #{listItem}
                  </foreach>
                </when>
              </choose>
            </foreach>
          </trim>
        </if>
      </foreach>
    </where>
  </sql>
  <sql id="Update_By_Example_Where_Clause" >
    <where >
      <foreach collection="example.oredCriteria" item="criteria" separator="or" >
        <if test="criteria.valid" >
          <trim prefix="(" suffix=")" prefixOverrides="and" >
            <foreach collection="criteria.criteria" item="criterion" >
              <choose >
                <when test="criterion.noValue" >
                  and ${criterion.condition}
                </when>
                <when test="criterion.singleValue" >
                  and ${criterion.condition} #{criterion.value}
                </when>
                <when test="criterion.betweenValue" >
                  and ${criterion.condition} #{criterion.value} and #{criterion.secondValue}
                </when>
                <when test="criterion.listValue" >
                  and ${criterion.condition}
                  <foreach collection="criterion.value" item="listItem" open="(" close=")" separator="," >
                    #{listItem}
                  </foreach>
                </when>
              </choose>
            </foreach>
          </trim>
        </if>
      </foreach>
    </where>
  </sql>
  <sql id="Base_Column_List" >
    are_cli_id, cli_id, are_cli_cod_tip, are_cli_cod_ubi, are_cli_des, are_cli_des_dir, 
    are_cli_cod, fec_num_cam, cod_ind_cam
  </sql>
  <select id="selectByExample" resultMap="BaseResultMap" parameterType="pe.com.j2techcon.bi.etl.domain.TAreaClienteExample" >
    select
    <if test="distinct" >
      distinct
    </if>
    <include refid="Base_Column_List" />
    from t_area_cliente
    <if test="_parameter != null" >
      <include refid="Example_Where_Clause" />
    </if>
    <if test="orderByClause != null" >
      order by ${orderByClause}
    </if>
  </select>
  <select id="selectByPrimaryKey" resultMap="BaseResultMap" parameterType="java.lang.Integer" >
    select 
    <include refid="Base_Column_List" />
    from t_area_cliente
    where are_cli_id = #{areCliId,jdbcType=INTEGER}
  </select>
  <delete id="deleteByPrimaryKey" parameterType="java.lang.Integer" >
    delete from t_area_cliente
    where are_cli_id = #{areCliId,jdbcType=INTEGER}
  </delete>
  <delete id="deleteByExample" parameterType="pe.com.j2techcon.bi.etl.domain.TAreaClienteExample" >
    delete from t_area_cliente
    <if test="_parameter != null" >
      <include refid="Example_Where_Clause" />
    </if>
  </delete>
  <insert id="insert" parameterType="pe.com.j2techcon.bi.etl.domain.TAreaCliente" >
    insert into t_area_cliente (are_cli_id, cli_id, are_cli_cod_tip, 
      are_cli_cod_ubi, are_cli_des, are_cli_des_dir, 
      are_cli_cod, fec_num_cam, cod_ind_cam
      )
    values (#{areCliId,jdbcType=INTEGER}, #{cliId,jdbcType=INTEGER}, #{areCliCodTip,jdbcType=INTEGER}, 
      #{areCliCodUbi,jdbcType=INTEGER}, #{areCliDes,jdbcType=VARCHAR}, #{areCliDesDir,jdbcType=VARCHAR}, 
      #{areCliCod,jdbcType=CHAR}, #{fecNumCam,jdbcType=INTEGER}, #{codIndCam,jdbcType=CHAR}
      )
  </insert>
  <insert id="insertSelective" parameterType="pe.com.j2techcon.bi.etl.domain.TAreaCliente" >
    insert into t_area_cliente
    <trim prefix="(" suffix=")" suffixOverrides="," >
      <if test="areCliId != null" >
        are_cli_id,
      </if>
      <if test="cliId != null" >
        cli_id,
      </if>
      <if test="areCliCodTip != null" >
        are_cli_cod_tip,
      </if>
      <if test="areCliCodUbi != null" >
        are_cli_cod_ubi,
      </if>
      <if test="areCliDes != null" >
        are_cli_des,
      </if>
      <if test="areCliDesDir != null" >
        are_cli_des_dir,
      </if>
      <if test="areCliCod != null" >
        are_cli_cod,
      </if>
      <if test="fecNumCam != null" >
        fec_num_cam,
      </if>
      <if test="codIndCam != null" >
        cod_ind_cam,
      </if>
    </trim>
    <trim prefix="values (" suffix=")" suffixOverrides="," >
      <if test="areCliId != null" >
        #{areCliId,jdbcType=INTEGER},
      </if>
      <if test="cliId != null" >
        #{cliId,jdbcType=INTEGER},
      </if>
      <if test="areCliCodTip != null" >
        #{areCliCodTip,jdbcType=INTEGER},
      </if>
      <if test="areCliCodUbi != null" >
        #{areCliCodUbi,jdbcType=INTEGER},
      </if>
      <if test="areCliDes != null" >
        #{areCliDes,jdbcType=VARCHAR},
      </if>
      <if test="areCliDesDir != null" >
        #{areCliDesDir,jdbcType=VARCHAR},
      </if>
      <if test="areCliCod != null" >
        #{areCliCod,jdbcType=CHAR},
      </if>
      <if test="fecNumCam != null" >
        #{fecNumCam,jdbcType=INTEGER},
      </if>
      <if test="codIndCam != null" >
        #{codIndCam,jdbcType=CHAR},
      </if>
    </trim>
  </insert>
  <select id="countByExample" parameterType="pe.com.j2techcon.bi.etl.domain.TAreaClienteExample" resultType="java.lang.Integer" >
    select count(*) from t_area_cliente
    <if test="_parameter != null" >
      <include refid="Example_Where_Clause" />
    </if>
  </select>
  <update id="updateByExampleSelective" parameterType="map" >
    update t_area_cliente
    <set >
      <if test="record.areCliId != null" >
        are_cli_id = #{record.areCliId,jdbcType=INTEGER},
      </if>
      <if test="record.cliId != null" >
        cli_id = #{record.cliId,jdbcType=INTEGER},
      </if>
      <if test="record.areCliCodTip != null" >
        are_cli_cod_tip = #{record.areCliCodTip,jdbcType=INTEGER},
      </if>
      <if test="record.areCliCodUbi != null" >
        are_cli_cod_ubi = #{record.areCliCodUbi,jdbcType=INTEGER},
      </if>
      <if test="record.areCliDes != null" >
        are_cli_des = #{record.areCliDes,jdbcType=VARCHAR},
      </if>
      <if test="record.areCliDesDir != null" >
        are_cli_des_dir = #{record.areCliDesDir,jdbcType=VARCHAR},
      </if>
      <if test="record.areCliCod != null" >
        are_cli_cod = #{record.areCliCod,jdbcType=CHAR},
      </if>
      <if test="record.fecNumCam != null" >
        fec_num_cam = #{record.fecNumCam,jdbcType=INTEGER},
      </if>
      <if test="record.codIndCam != null" >
        cod_ind_cam = #{record.codIndCam,jdbcType=CHAR},
      </if>
    </set>
    <if test="_parameter != null" >
      <include refid="Update_By_Example_Where_Clause" />
    </if>
  </update>
  <update id="updateByExample" parameterType="map" >
    update t_area_cliente
    set are_cli_id = #{record.areCliId,jdbcType=INTEGER},
      cli_id = #{record.cliId,jdbcType=INTEGER},
      are_cli_cod_tip = #{record.areCliCodTip,jdbcType=INTEGER},
      are_cli_cod_ubi = #{record.areCliCodUbi,jdbcType=INTEGER},
      are_cli_des = #{record.areCliDes,jdbcType=VARCHAR},
      are_cli_des_dir = #{record.areCliDesDir,jdbcType=VARCHAR},
      are_cli_cod = #{record.areCliCod,jdbcType=CHAR},
      fec_num_cam = #{record.fecNumCam,jdbcType=INTEGER},
      cod_ind_cam = #{record.codIndCam,jdbcType=CHAR}
    <if test="_parameter != null" >
      <include refid="Update_By_Example_Where_Clause" />
    </if>
  </update>
  <update id="updateByPrimaryKeySelective" parameterType="pe.com.j2techcon.bi.etl.domain.TAreaCliente" >
    update t_area_cliente
    <set >
      <if test="cliId != null" >
        cli_id = #{cliId,jdbcType=INTEGER},
      </if>
      <if test="areCliCodTip != null" >
        are_cli_cod_tip = #{areCliCodTip,jdbcType=INTEGER},
      </if>
      <if test="areCliCodUbi != null" >
        are_cli_cod_ubi = #{areCliCodUbi,jdbcType=INTEGER},
      </if>
      <if test="areCliDes != null" >
        are_cli_des = #{areCliDes,jdbcType=VARCHAR},
      </if>
      <if test="areCliDesDir != null" >
        are_cli_des_dir = #{areCliDesDir,jdbcType=VARCHAR},
      </if>
      <if test="areCliCod != null" >
        are_cli_cod = #{areCliCod,jdbcType=CHAR},
      </if>
      <if test="fecNumCam != null" >
        fec_num_cam = #{fecNumCam,jdbcType=INTEGER},
      </if>
      <if test="codIndCam != null" >
        cod_ind_cam = #{codIndCam,jdbcType=CHAR},
      </if>
    </set>
    where are_cli_id = #{areCliId,jdbcType=INTEGER}
  </update>
  <update id="updateByPrimaryKey" parameterType="pe.com.j2techcon.bi.etl.domain.TAreaCliente" >
    update t_area_cliente
    set cli_id = #{cliId,jdbcType=INTEGER},
      are_cli_cod_tip = #{areCliCodTip,jdbcType=INTEGER},
      are_cli_cod_ubi = #{areCliCodUbi,jdbcType=INTEGER},
      are_cli_des = #{areCliDes,jdbcType=VARCHAR},
      are_cli_des_dir = #{areCliDesDir,jdbcType=VARCHAR},
      are_cli_cod = #{areCliCod,jdbcType=CHAR},
      fec_num_cam = #{fecNumCam,jdbcType=INTEGER},
      cod_ind_cam = #{codIndCam,jdbcType=CHAR}
    where are_cli_id = #{areCliId,jdbcType=INTEGER}
  </update>
</mapper>