<?xml version="1.0" encoding="UTF-8" ?>
<!DOCTYPE mapper PUBLIC "-//mybatis.org//DTD Mapper 3.0//EN" "http://mybatis.org/dtd/mybatis-3-mapper.dtd" >
<mapper namespace="pe.com.j2techcon.bi.etl.dao.TDespachoMapper" >
  <resultMap id="BaseResultMap" type="pe.com.j2techcon.bi.etl.domain.TDespacho" >
    <id column="desp_id" property="despId" jdbcType="INTEGER" />
    <result column="desp_cod_tip_doc" property="despCodTipDoc" jdbcType="INTEGER" />
    <result column="desp_serie_doc" property="despSerieDoc" jdbcType="CHAR" />
    <result column="desp_numero_doc" property="despNumeroDoc" jdbcType="CHAR" />
    <result column="sede_id" property="sedeId" jdbcType="INTEGER" />
    <result column="emp_cat_id" property="empCatId" jdbcType="INTEGER" />
    <result column="desp_cod_tip_env" property="despCodTipEnv" jdbcType="INTEGER" />
    <result column="desp_cod_ubi" property="despCodUbi" jdbcType="INTEGER" />
    <result column="desp_cod_tip_rut" property="despCodTipRut" jdbcType="INTEGER" />
    <result column="desp_cod_zon" property="despCodZon" jdbcType="INTEGER" />
    <result column="desp_cod_ver" property="despCodVer" jdbcType="INTEGER" />
    <result column="desp_nom_pasaje" property="despNomPasaje" jdbcType="NUMERIC" />
    <result column="desp_num_cargos" property="despNumCargos" jdbcType="INTEGER" />
    <result column="desp_fec_sal" property="despFecSal" jdbcType="DATE" />
    <result column="desp_fec_ret_pro" property="despFecRetPro" jdbcType="DATE" />
    <result column="desp_fec_ret_rea" property="despFecRetRea" jdbcType="DATE" />
    <result column="desp_fec_ver" property="despFecVer" jdbcType="DATE" />
    <result column="desp_can_pas" property="despCanPas" jdbcType="NUMERIC" />
    <result column="desp_cod_est" property="despCodEst" jdbcType="INTEGER" />
    <result column="fec_num_cam" property="fecNumCam" jdbcType="INTEGER" />
    <result column="cod_ind_cam" property="codIndCam" jdbcType="CHAR" />
  </resultMap>
  <sql id="Example_Where_Clause" >
    <where >
      <foreach collection="oredCriteria" item="criteria" separator="or" >
        <if test="criteria.valid" >
          <trim prefix="(" suffix=")" prefixOverrides="and" >
            <foreach collection="criteria.criteria" item="criterion" >
              <choose >
                <when test="criterion.noValue" >
                  and ${criterion.condition}
                </when>
                <when test="criterion.singleValue" >
                  and ${criterion.condition} #{criterion.value}
                </when>
                <when test="criterion.betweenValue" >
                  and ${criterion.condition} #{criterion.value} and #{criterion.secondValue}
                </when>
                <when test="criterion.listValue" >
                  and ${criterion.condition}
                  <foreach collection="criterion.value" item="listItem" open="(" close=")" separator="," >
                    #{listItem}
                  </foreach>
                </when>
              </choose>
            </foreach>
          </trim>
        </if>
      </foreach>
    </where>
  </sql>
  <sql id="Update_By_Example_Where_Clause" >
    <where >
      <foreach collection="example.oredCriteria" item="criteria" separator="or" >
        <if test="criteria.valid" >
          <trim prefix="(" suffix=")" prefixOverrides="and" >
            <foreach collection="criteria.criteria" item="criterion" >
              <choose >
                <when test="criterion.noValue" >
                  and ${criterion.condition}
                </when>
                <when test="criterion.singleValue" >
                  and ${criterion.condition} #{criterion.value}
                </when>
                <when test="criterion.betweenValue" >
                  and ${criterion.condition} #{criterion.value} and #{criterion.secondValue}
                </when>
                <when test="criterion.listValue" >
                  and ${criterion.condition}
                  <foreach collection="criterion.value" item="listItem" open="(" close=")" separator="," >
                    #{listItem}
                  </foreach>
                </when>
              </choose>
            </foreach>
          </trim>
        </if>
      </foreach>
    </where>
  </sql>
  <sql id="Base_Column_List" >
    desp_id, desp_cod_tip_doc, desp_serie_doc, desp_numero_doc, sede_id, emp_cat_id, 
    desp_cod_tip_env, desp_cod_ubi, desp_cod_tip_rut, desp_cod_zon, desp_cod_ver, desp_nom_pasaje, 
    desp_num_cargos, desp_fec_sal, desp_fec_ret_pro, desp_fec_ret_rea, desp_fec_ver, 
    desp_can_pas, desp_cod_est, fec_num_cam, cod_ind_cam
  </sql>
  <select id="selectByExample" resultMap="BaseResultMap" parameterType="pe.com.j2techcon.bi.etl.domain.TDespachoExample" >
    select
    <if test="distinct" >
      distinct
    </if>
    <include refid="Base_Column_List" />
    from t_despacho
    <if test="_parameter != null" >
      <include refid="Example_Where_Clause" />
    </if>
    <if test="orderByClause != null" >
      order by ${orderByClause}
    </if>
  </select>
  <select id="selectByPrimaryKey" resultMap="BaseResultMap" parameterType="java.lang.Integer" >
    select 
    <include refid="Base_Column_List" />
    from t_despacho
    where desp_id = #{despId,jdbcType=INTEGER}
  </select>
  <delete id="deleteByPrimaryKey" parameterType="java.lang.Integer" >
    delete from t_despacho
    where desp_id = #{despId,jdbcType=INTEGER}
  </delete>
  <delete id="deleteByExample" parameterType="pe.com.j2techcon.bi.etl.domain.TDespachoExample" >
    delete from t_despacho
    <if test="_parameter != null" >
      <include refid="Example_Where_Clause" />
    </if>
  </delete>
  <insert id="insert" parameterType="pe.com.j2techcon.bi.etl.domain.TDespacho" >
    insert into t_despacho (desp_id, desp_cod_tip_doc, desp_serie_doc, 
      desp_numero_doc, sede_id, emp_cat_id, 
      desp_cod_tip_env, desp_cod_ubi, desp_cod_tip_rut, 
      desp_cod_zon, desp_cod_ver, desp_nom_pasaje, 
      desp_num_cargos, desp_fec_sal, desp_fec_ret_pro, 
      desp_fec_ret_rea, desp_fec_ver, desp_can_pas, 
      desp_cod_est, fec_num_cam, cod_ind_cam
      )
    values (#{despId,jdbcType=INTEGER}, #{despCodTipDoc,jdbcType=INTEGER}, #{despSerieDoc,jdbcType=CHAR}, 
      #{despNumeroDoc,jdbcType=CHAR}, #{sedeId,jdbcType=INTEGER}, #{empCatId,jdbcType=INTEGER}, 
      #{despCodTipEnv,jdbcType=INTEGER}, #{despCodUbi,jdbcType=INTEGER}, #{despCodTipRut,jdbcType=INTEGER}, 
      #{despCodZon,jdbcType=INTEGER}, #{despCodVer,jdbcType=INTEGER}, #{despNomPasaje,jdbcType=NUMERIC}, 
      #{despNumCargos,jdbcType=INTEGER}, #{despFecSal,jdbcType=DATE}, #{despFecRetPro,jdbcType=DATE}, 
      #{despFecRetRea,jdbcType=DATE}, #{despFecVer,jdbcType=DATE}, #{despCanPas,jdbcType=NUMERIC}, 
      #{despCodEst,jdbcType=INTEGER}, #{fecNumCam,jdbcType=INTEGER}, #{codIndCam,jdbcType=CHAR}
      )
  </insert>
  <insert id="insertSelective" parameterType="pe.com.j2techcon.bi.etl.domain.TDespacho" >
    insert into t_despacho
    <trim prefix="(" suffix=")" suffixOverrides="," >
      <if test="despId != null" >
        desp_id,
      </if>
      <if test="despCodTipDoc != null" >
        desp_cod_tip_doc,
      </if>
      <if test="despSerieDoc != null" >
        desp_serie_doc,
      </if>
      <if test="despNumeroDoc != null" >
        desp_numero_doc,
      </if>
      <if test="sedeId != null" >
        sede_id,
      </if>
      <if test="empCatId != null" >
        emp_cat_id,
      </if>
      <if test="despCodTipEnv != null" >
        desp_cod_tip_env,
      </if>
      <if test="despCodUbi != null" >
        desp_cod_ubi,
      </if>
      <if test="despCodTipRut != null" >
        desp_cod_tip_rut,
      </if>
      <if test="despCodZon != null" >
        desp_cod_zon,
      </if>
      <if test="despCodVer != null" >
        desp_cod_ver,
      </if>
      <if test="despNomPasaje != null" >
        desp_nom_pasaje,
      </if>
      <if test="despNumCargos != null" >
        desp_num_cargos,
      </if>
      <if test="despFecSal != null" >
        desp_fec_sal,
      </if>
      <if test="despFecRetPro != null" >
        desp_fec_ret_pro,
      </if>
      <if test="despFecRetRea != null" >
        desp_fec_ret_rea,
      </if>
      <if test="despFecVer != null" >
        desp_fec_ver,
      </if>
      <if test="despCanPas != null" >
        desp_can_pas,
      </if>
      <if test="despCodEst != null" >
        desp_cod_est,
      </if>
      <if test="fecNumCam != null" >
        fec_num_cam,
      </if>
      <if test="codIndCam != null" >
        cod_ind_cam,
      </if>
    </trim>
    <trim prefix="values (" suffix=")" suffixOverrides="," >
      <if test="despId != null" >
        #{despId,jdbcType=INTEGER},
      </if>
      <if test="despCodTipDoc != null" >
        #{despCodTipDoc,jdbcType=INTEGER},
      </if>
      <if test="despSerieDoc != null" >
        #{despSerieDoc,jdbcType=CHAR},
      </if>
      <if test="despNumeroDoc != null" >
        #{despNumeroDoc,jdbcType=CHAR},
      </if>
      <if test="sedeId != null" >
        #{sedeId,jdbcType=INTEGER},
      </if>
      <if test="empCatId != null" >
        #{empCatId,jdbcType=INTEGER},
      </if>
      <if test="despCodTipEnv != null" >
        #{despCodTipEnv,jdbcType=INTEGER},
      </if>
      <if test="despCodUbi != null" >
        #{despCodUbi,jdbcType=INTEGER},
      </if>
      <if test="despCodTipRut != null" >
        #{despCodTipRut,jdbcType=INTEGER},
      </if>
      <if test="despCodZon != null" >
        #{despCodZon,jdbcType=INTEGER},
      </if>
      <if test="despCodVer != null" >
        #{despCodVer,jdbcType=INTEGER},
      </if>
      <if test="despNomPasaje != null" >
        #{despNomPasaje,jdbcType=NUMERIC},
      </if>
      <if test="despNumCargos != null" >
        #{despNumCargos,jdbcType=INTEGER},
      </if>
      <if test="despFecSal != null" >
        #{despFecSal,jdbcType=DATE},
      </if>
      <if test="despFecRetPro != null" >
        #{despFecRetPro,jdbcType=DATE},
      </if>
      <if test="despFecRetRea != null" >
        #{despFecRetRea,jdbcType=DATE},
      </if>
      <if test="despFecVer != null" >
        #{despFecVer,jdbcType=DATE},
      </if>
      <if test="despCanPas != null" >
        #{despCanPas,jdbcType=NUMERIC},
      </if>
      <if test="despCodEst != null" >
        #{despCodEst,jdbcType=INTEGER},
      </if>
      <if test="fecNumCam != null" >
        #{fecNumCam,jdbcType=INTEGER},
      </if>
      <if test="codIndCam != null" >
        #{codIndCam,jdbcType=CHAR},
      </if>
    </trim>
  </insert>
  <select id="countByExample" parameterType="pe.com.j2techcon.bi.etl.domain.TDespachoExample" resultType="java.lang.Integer" >
    select count(*) from t_despacho
    <if test="_parameter != null" >
      <include refid="Example_Where_Clause" />
    </if>
  </select>
  <update id="updateByExampleSelective" parameterType="map" >
    update t_despacho
    <set >
      <if test="record.despId != null" >
        desp_id = #{record.despId,jdbcType=INTEGER},
      </if>
      <if test="record.despCodTipDoc != null" >
        desp_cod_tip_doc = #{record.despCodTipDoc,jdbcType=INTEGER},
      </if>
      <if test="record.despSerieDoc != null" >
        desp_serie_doc = #{record.despSerieDoc,jdbcType=CHAR},
      </if>
      <if test="record.despNumeroDoc != null" >
        desp_numero_doc = #{record.despNumeroDoc,jdbcType=CHAR},
      </if>
      <if test="record.sedeId != null" >
        sede_id = #{record.sedeId,jdbcType=INTEGER},
      </if>
      <if test="record.empCatId != null" >
        emp_cat_id = #{record.empCatId,jdbcType=INTEGER},
      </if>
      <if test="record.despCodTipEnv != null" >
        desp_cod_tip_env = #{record.despCodTipEnv,jdbcType=INTEGER},
      </if>
      <if test="record.despCodUbi != null" >
        desp_cod_ubi = #{record.despCodUbi,jdbcType=INTEGER},
      </if>
      <if test="record.despCodTipRut != null" >
        desp_cod_tip_rut = #{record.despCodTipRut,jdbcType=INTEGER},
      </if>
      <if test="record.despCodZon != null" >
        desp_cod_zon = #{record.despCodZon,jdbcType=INTEGER},
      </if>
      <if test="record.despCodVer != null" >
        desp_cod_ver = #{record.despCodVer,jdbcType=INTEGER},
      </if>
      <if test="record.despNomPasaje != null" >
        desp_nom_pasaje = #{record.despNomPasaje,jdbcType=NUMERIC},
      </if>
      <if test="record.despNumCargos != null" >
        desp_num_cargos = #{record.despNumCargos,jdbcType=INTEGER},
      </if>
      <if test="record.despFecSal != null" >
        desp_fec_sal = #{record.despFecSal,jdbcType=DATE},
      </if>
      <if test="record.despFecRetPro != null" >
        desp_fec_ret_pro = #{record.despFecRetPro,jdbcType=DATE},
      </if>
      <if test="record.despFecRetRea != null" >
        desp_fec_ret_rea = #{record.despFecRetRea,jdbcType=DATE},
      </if>
      <if test="record.despFecVer != null" >
        desp_fec_ver = #{record.despFecVer,jdbcType=DATE},
      </if>
      <if test="record.despCanPas != null" >
        desp_can_pas = #{record.despCanPas,jdbcType=NUMERIC},
      </if>
      <if test="record.despCodEst != null" >
        desp_cod_est = #{record.despCodEst,jdbcType=INTEGER},
      </if>
      <if test="record.fecNumCam != null" >
        fec_num_cam = #{record.fecNumCam,jdbcType=INTEGER},
      </if>
      <if test="record.codIndCam != null" >
        cod_ind_cam = #{record.codIndCam,jdbcType=CHAR},
      </if>
    </set>
    <if test="_parameter != null" >
      <include refid="Update_By_Example_Where_Clause" />
    </if>
  </update>
  <update id="updateByExample" parameterType="map" >
    update t_despacho
    set desp_id = #{record.despId,jdbcType=INTEGER},
      desp_cod_tip_doc = #{record.despCodTipDoc,jdbcType=INTEGER},
      desp_serie_doc = #{record.despSerieDoc,jdbcType=CHAR},
      desp_numero_doc = #{record.despNumeroDoc,jdbcType=CHAR},
      sede_id = #{record.sedeId,jdbcType=INTEGER},
      emp_cat_id = #{record.empCatId,jdbcType=INTEGER},
      desp_cod_tip_env = #{record.despCodTipEnv,jdbcType=INTEGER},
      desp_cod_ubi = #{record.despCodUbi,jdbcType=INTEGER},
      desp_cod_tip_rut = #{record.despCodTipRut,jdbcType=INTEGER},
      desp_cod_zon = #{record.despCodZon,jdbcType=INTEGER},
      desp_cod_ver = #{record.despCodVer,jdbcType=INTEGER},
      desp_nom_pasaje = #{record.despNomPasaje,jdbcType=NUMERIC},
      desp_num_cargos = #{record.despNumCargos,jdbcType=INTEGER},
      desp_fec_sal = #{record.despFecSal,jdbcType=DATE},
      desp_fec_ret_pro = #{record.despFecRetPro,jdbcType=DATE},
      desp_fec_ret_rea = #{record.despFecRetRea,jdbcType=DATE},
      desp_fec_ver = #{record.despFecVer,jdbcType=DATE},
      desp_can_pas = #{record.despCanPas,jdbcType=NUMERIC},
      desp_cod_est = #{record.despCodEst,jdbcType=INTEGER},
      fec_num_cam = #{record.fecNumCam,jdbcType=INTEGER},
      cod_ind_cam = #{record.codIndCam,jdbcType=CHAR}
    <if test="_parameter != null" >
      <include refid="Update_By_Example_Where_Clause" />
    </if>
  </update>
  <update id="updateByPrimaryKeySelective" parameterType="pe.com.j2techcon.bi.etl.domain.TDespacho" >
    update t_despacho
    <set >
      <if test="despCodTipDoc != null" >
        desp_cod_tip_doc = #{despCodTipDoc,jdbcType=INTEGER},
      </if>
      <if test="despSerieDoc != null" >
        desp_serie_doc = #{despSerieDoc,jdbcType=CHAR},
      </if>
      <if test="despNumeroDoc != null" >
        desp_numero_doc = #{despNumeroDoc,jdbcType=CHAR},
      </if>
      <if test="sedeId != null" >
        sede_id = #{sedeId,jdbcType=INTEGER},
      </if>
      <if test="empCatId != null" >
        emp_cat_id = #{empCatId,jdbcType=INTEGER},
      </if>
      <if test="despCodTipEnv != null" >
        desp_cod_tip_env = #{despCodTipEnv,jdbcType=INTEGER},
      </if>
      <if test="despCodUbi != null" >
        desp_cod_ubi = #{despCodUbi,jdbcType=INTEGER},
      </if>
      <if test="despCodTipRut != null" >
        desp_cod_tip_rut = #{despCodTipRut,jdbcType=INTEGER},
      </if>
      <if test="despCodZon != null" >
        desp_cod_zon = #{despCodZon,jdbcType=INTEGER},
      </if>
      <if test="despCodVer != null" >
        desp_cod_ver = #{despCodVer,jdbcType=INTEGER},
      </if>
      <if test="despNomPasaje != null" >
        desp_nom_pasaje = #{despNomPasaje,jdbcType=NUMERIC},
      </if>
      <if test="despNumCargos != null" >
        desp_num_cargos = #{despNumCargos,jdbcType=INTEGER},
      </if>
      <if test="despFecSal != null" >
        desp_fec_sal = #{despFecSal,jdbcType=DATE},
      </if>
      <if test="despFecRetPro != null" >
        desp_fec_ret_pro = #{despFecRetPro,jdbcType=DATE},
      </if>
      <if test="despFecRetRea != null" >
        desp_fec_ret_rea = #{despFecRetRea,jdbcType=DATE},
      </if>
      <if test="despFecVer != null" >
        desp_fec_ver = #{despFecVer,jdbcType=DATE},
      </if>
      <if test="despCanPas != null" >
        desp_can_pas = #{despCanPas,jdbcType=NUMERIC},
      </if>
      <if test="despCodEst != null" >
        desp_cod_est = #{despCodEst,jdbcType=INTEGER},
      </if>
      <if test="fecNumCam != null" >
        fec_num_cam = #{fecNumCam,jdbcType=INTEGER},
      </if>
      <if test="codIndCam != null" >
        cod_ind_cam = #{codIndCam,jdbcType=CHAR},
      </if>
    </set>
    where desp_id = #{despId,jdbcType=INTEGER}
  </update>
  <update id="updateByPrimaryKey" parameterType="pe.com.j2techcon.bi.etl.domain.TDespacho" >
    update t_despacho
    set desp_cod_tip_doc = #{despCodTipDoc,jdbcType=INTEGER},
      desp_serie_doc = #{despSerieDoc,jdbcType=CHAR},
      desp_numero_doc = #{despNumeroDoc,jdbcType=CHAR},
      sede_id = #{sedeId,jdbcType=INTEGER},
      emp_cat_id = #{empCatId,jdbcType=INTEGER},
      desp_cod_tip_env = #{despCodTipEnv,jdbcType=INTEGER},
      desp_cod_ubi = #{despCodUbi,jdbcType=INTEGER},
      desp_cod_tip_rut = #{despCodTipRut,jdbcType=INTEGER},
      desp_cod_zon = #{despCodZon,jdbcType=INTEGER},
      desp_cod_ver = #{despCodVer,jdbcType=INTEGER},
      desp_nom_pasaje = #{despNomPasaje,jdbcType=NUMERIC},
      desp_num_cargos = #{despNumCargos,jdbcType=INTEGER},
      desp_fec_sal = #{despFecSal,jdbcType=DATE},
      desp_fec_ret_pro = #{despFecRetPro,jdbcType=DATE},
      desp_fec_ret_rea = #{despFecRetRea,jdbcType=DATE},
      desp_fec_ver = #{despFecVer,jdbcType=DATE},
      desp_can_pas = #{despCanPas,jdbcType=NUMERIC},
      desp_cod_est = #{despCodEst,jdbcType=INTEGER},
      fec_num_cam = #{fecNumCam,jdbcType=INTEGER},
      cod_ind_cam = #{codIndCam,jdbcType=CHAR}
    where desp_id = #{despId,jdbcType=INTEGER}
  </update>
</mapper>